quote,quotee,year
The business program transformed my mindset and skills.,Sarah Entrepreneur,Undergrad '22
Environmental science explorations changed my perspective on the world.,Jordan EcoExplorer,Undergrad '21
The data analytics certification boosted my career in analytics.,Ryan DataMaster,Grad '24
Culinary arts mastery program - where passion meets expertise.,Mia FoodMaestro,Undergrad '22
Psychology of happiness made me not just study but live the subject.,Ethan JoySeeker,Undergrad '23
Urban planning strategies challenged and inspired my vision for cities.,Ava UrbanDesigner,Grad '24
Graphic design bootcamp - where creativity meets pixels.,Liam DesignWizard,Undergrad '21
Nursing leadership program prepared me for impactful healthcare roles.,Olivia NurseLeader,Grad '23
Computer science innovations - a journey into the future of technology.,Noah CodeExplorer,Undergrad '22
Mastered the art of late-night study sessions. Caffeine is my spirit animal.,Midnight Maven,Undergrad 22'
Majored in 'Napping Techniques.' The siesta game is strong with this one.,Naptime Guru,Undergrad 20'
Achieved expert-level skill in avoiding eye contact during group presentations.,Presentation Ninja,Undergrad 22'
I discovered my passion for coding and innovation thanks to the inspiring Computer Science program at this college. It's been a transformative journey that has set me on a path for success in the tech industry.,Alex Thompson,Undergrad '22
The Culinary Arts program not only refined my cooking skills but also taught me the artistry behind every dish. Graduating with a newfound love for gastronomy I'm now ready to pursue my dream of becoming a chef.,Emily Rodriguez,Undergrad '23
The Psychology of Happiness course opened my eyes to the science of well-being and I now approach life with a positive mindset. Grateful for the valuable lessons and friendships formed during my time here.,Jordan Patel,Undergrad '21
The Nursing Leadership program equipped me with the skills to make a real impact in healthcare. I'm proud to have graduated with the knowledge and confidence to lead in the ever-evolving field of nursing.,Sarah Anderson,Graduate '24
The Graphic Design program provided an intensive and practical foundation for my design career. Grateful for the guidance and mentorship that prepared me for success in the competitive design industry.,Mia Foster,Undergrad '20
Early Childhood Education at this college was more than a degree; it was a journey of fostering young minds. The immersive experiences and expert guidance have made me a confident and compassionate educator.,Liam Harper,Undergrad '21
Sustainable Energy Solutions instilled in me a deep understanding of environmental responsibility and clean energy practices. Excited to contribute to a more sustainable future after completing this transformative program.,Olivia Chen,Graduate '22
The International Business Diplomacy program broadened my global perspective and honed my negotiation skills. I'm ready to navigate the international business landscape with confidence and cultural sensitivity.,Carlos Mendez,Graduate '24
Music Production Techniques provided hands-on experience and industry insights that fueled my passion for audio engineering. Grateful for the connections made and the skills acquired during my time in the program.,Lily Evans,Undergrad '23